spi,Approximation,D 1,D 2,D 3,D 4,D 5,D 6
-0.16,-0.05,-0.19,0.42,-0.11,-0.27,-0.69,0.14
-0.14,-0.04,-0.06,0.35,-0.5,-0.31,-0.67,0.15
0.21,-0.03,-0.11,0.14,-0.63,-0.31,-0.62,0.17
0.51,-0.02,-0.01,-0.15,-0.5,-0.21,-0.53,0.2
0.92,-0.03,-0.03,-0.32,-0.16,-0.03,-0.42,0.24
1.21,-0.03,0.03,-0.32,0.31,0.2,-0.32,0.27
1.29,-0.04,0.08,-0.24,0.55,0.32,-0.24,0.29
0.96,-0.04,0.16,-0.13,0.54,0.32,-0.23,0.28
0.38,-0.03,0.12,0.03,0.32,0.23,-0.25,0.26
-0.71,-0.02,0.2,0.24,-0.03,0.16,-0.26,0.24
-0.92,0,-0.25,0.45,-0.35,0.12,-0.28,0.21
-0.6,0.02,-0.26,0.58,-0.55,0.08,-0.29,0.2
-0.44,0.04,0.01,0.32,-0.54,0,-0.29,0.19
-0.29,0.06,0.02,-0.27,-0.32,-0.12,-0.25,0.21
-0.06,0.08,-0.03,-0.53,0.07,-0.14,-0.16,0.25
0.46,0.1,-0.11,-0.34,0.52,-0.11,-0.02,0.3
1.03,0.1,-0.04,-0.16,0.78,-0.04,0.11,0.34
1.53,0.09,0.02,-0.17,0.78,0,0.17,0.36
1.46,0.08,0.2,-0.23,0.53,-0.02,0.2,0.36
1.07,0.07,0.16,-0.19,0.08,-0.07,0.19,0.34
0.14,0.07,0.21,0.06,-0.32,-0.1,0.15,0.3
-0.56,0.07,-0.03,0.4,-0.62,-0.07,0.1,0.24
-1.16,0.08,-0.06,0.63,-0.8,-0.02,0.03,0.19
-0.92,0.1,-0.3,0.6,-0.82,0.06,-0.01,0.14
-0.92,0.12,0.01,0.27,-0.67,0.14,-0.03,0.1
-0.65,0.13,-0.07,-0.19,-0.33,0.2,-0.03,0.08
-0.65,0.14,0.07,-0.46,0.19,0.26,-0.01,0.07
0.24,0.14,-0.28,-0.38,0.72,0.32,0.05,0.07
0.71,0.14,0.06,-0.21,1.05,0.32,0.12,0.08
1.11,0.14,0.06,-0.27,1.05,0.24,0.19,0.09
1.15,0.14,0.13,-0.34,0.74,0.06,0.23,0.09
0.96,0.13,0.11,-0.16,0.25,-0.16,0.22,0.09
0.46,0.14,0.13,0.12,-0.24,-0.33,0.17,0.06
-0.18,0.15,0.08,0.32,-0.63,-0.4,0.12,0.01
-0.84,0.17,0.02,0.44,-0.86,-0.38,0.07,-0.04
-0.71,0.19,-0.27,0.48,-0.93,-0.29,0.03,-0.09
-0.92,0.21,0.04,0.35,-0.82,-0.15,0.01,-0.12
-0.92,0.22,-0.04,-0.01,-0.48,0.03,0,-0.15
-0.71,0.22,-0.09,-0.26,-0.02,0.24,0.05,-0.15
0.38,0.21,-0.32,-0.2,0.46,0.43,0.13,-0.15
1.17,0.19,0.02,-0.21,0.84,0.51,0.19,-0.14
1.59,0.18,0.15,-0.48,0.94,0.44,0.24,-0.14
1.47,0.16,0.22,-0.59,0.82,0.25,0.26,-0.15
0.95,0.15,0.19,-0.26,0.5,0.01,0.23,-0.17
0.14,0.14,0.14,0.23,0.04,-0.21,0.18,-0.21
-0.52,0.14,-0.02,0.58,-0.44,-0.36,0.1,-0.27
-0.52,0.15,-0.24,0.71,-0.86,-0.44,0.04,-0.34
-0.44,0.16,-0.09,0.54,-1.08,-0.43,-0.01,-0.42
-0.44,0.17,0.02,0.06,-0.97,-0.35,-0.02,-0.46
-1.16,0.17,0.25,-0.36,-0.51,-0.18,0.02,-0.46
-0.77,0.16,-0.31,-0.33,0.13,0.03,0.08,-0.46
-0.02,0.15,-0.22,0.03,0.7,0.24,0.15,-0.44
0.72,0.13,-0.03,0.05,0.99,0.35,0.21,-0.4
1.18,0.11,0.1,-0.38,0.94,0.32,0.25,-0.36
1.28,0.08,0.15,-0.58,0.66,0.18,0.24,-0.33
1.05,0.06,0.15,-0.33,0.34,-0.02,0.18,-0.31
0.46,0.05,0.15,0.04,0.01,-0.2,0.11,-0.31
-0.14,0.04,0.04,0.36,-0.3,-0.32,0.04,-0.32
-0.77,0.04,0.01,0.53,-0.6,-0.37,-0.02,-0.32
-0.52,0.05,-0.3,0.53,-0.88,-0.36,-0.06,-0.32
-0.44,0.05,-0.02,0.34,-0.92,-0.28,-0.06,-0.32
-0.41,0.06,0.03,-0.07,-0.66,-0.09,-0.02,-0.32
-0.56,0.06,0.07,-0.39,-0.16,0.14,0.03,-0.31
0.42,0.06,-0.37,-0.28,0.42,0.38,0.09,-0.29
1,0.04,0.03,-0.07,0.82,0.49,0.13,-0.27
1.36,0.02,0.11,-0.24,0.91,0.46,0.13,-0.23
1.22,-0.01,0.19,-0.46,0.72,0.32,0.09,-0.21
0.82,-0.03,0.13,-0.24,0.38,0.13,0.02,-0.19
0.38,-0.04,0.04,0.18,-0.02,-0.05,-0.05,-0.18
0,-0.04,-0.02,0.45,-0.39,-0.2,-0.13,-0.17
-0.31,-0.03,-0.03,0.49,-0.66,-0.31,-0.19,-0.16
-1.02,-0.02,0.13,0.3,-0.8,-0.37,-0.22,-0.14
-0.92,-0.01,-0.24,0.12,-0.73,-0.33,-0.21,-0.12
-0.92,-0.01,-0.04,0.1,-0.41,-0.2,-0.17,-0.1
-0.56,-0.02,-0.11,-0.02,0.03,-0.01,-0.1,-0.07
-0.21,-0.03,-0.03,-0.25,0.47,0.17,-0.02,-0.04
0.54,-0.05,-0.14,-0.34,0.78,0.28,0.02,-0.01
0.83,-0.08,0.12,-0.34,0.87,0.25,0.03,0.04
0.89,-0.12,0.12,-0.35,0.73,0.14,0.01,0.07
0.53,-0.15,0.16,-0.23,0.46,0.01,-0.03,0.1
0.18,-0.16,0.04,0.08,0.09,-0.13,-0.08,0.12
-0.21,-0.16,0.01,0.36,-0.33,-0.23,-0.13,0.12
-0.52,-0.14,-0.02,0.44,-0.67,-0.27,-0.17,0.14
-0.84,-0.12,0,0.32,-0.85,-0.27,-0.18,0.15
-0.84,-0.1,-0.11,0.16,-0.81,-0.2,-0.17,0.16
-0.56,-0.09,-0.12,0.04,-0.52,-0.01,-0.11,0.17
-0.29,-0.08,-0.02,-0.1,-0.09,0.21,-0.02,0.18
0.37,-0.08,-0.13,-0.26,0.34,0.39,0.06,0.2
0.82,-0.08,0.04,-0.33,0.64,0.49,0.11,0.22
1.17,-0.09,0.05,-0.34,0.74,0.47,0.11,0.23
1.15,-0.1,0.14,-0.29,0.62,0.35,0.07,0.22
0.83,-0.1,0.14,-0.1,0.34,0.2,0.02,0.22
0.2,-0.1,0.13,0.14,-0.01,0.03,-0.04,0.21
-0.77,-0.1,0.14,0.34,-0.4,-0.15,-0.1,0.2
0.21,-0.08,-0.63,0.54,-0.69,-0.27,-0.15,0.2
0.16,-0.06,0.17,0.52,-0.8,-0.32,-0.18,0.21
-1.37,-0.05,0.6,-0.1,-0.66,-0.29,-0.17,0.22
-1.37,-0.03,-0.39,-0.5,-0.32,-0.19,-0.12,0.23
-0.6,-0.02,-0.4,0.17,0.12,-0.04,-0.04,0.24
0.35,-0.02,-0.13,0.49,0.54,0.08,0.05,0.25
0.91,-0.02,0.12,-0.28,0.68,0.15,0.11,0.26
1.28,-0.03,0.1,-0.82,0.7,0.14,0.14,0.24
1.23,-0.04,0.16,-0.61,0.64,0.04,0.12,0.21
0.84,-0.03,0.15,-0.17,0.39,-0.1,0.08,0.17
0.15,-0.03,0.13,0.22,0.19,-0.21,0.04,0.14
-1.02,-0.01,0.19,0.47,-0.19,-0.3,0,0.12
-0.78,0,-0.44,0.62,-0.69,-0.33,-0.02,0.12
-0.77,0.02,-0.05,0.63,-0.98,-0.28,-0.03,0.12
-0.44,0.04,-0.09,0.2,-0.97,-0.22,-0.01,0.12
-0.16,0.05,-0.01,-0.37,-0.59,-0.06,0.05,0.13
0.27,0.06,-0.05,-0.49,0.08,0.17,0.12,0.15
0.61,0.06,0.02,-0.37,0.71,0.36,0.19,0.17
1.03,0.06,-0.02,-0.26,0.98,0.42,0.24,0.17
1.26,0.06,0.06,-0.15,0.93,0.38,0.24,0.15
1.29,0.06,0.09,-0.07,0.56,0.25,0.2,0.12
1.11,0.06,0.09,0,0.03,0.08,0.14,0.08
0.71,0.07,0.09,0.12,-0.38,-0.02,0.06,0.04
0.24,0.08,0.04,0.25,-0.67,-0.13,-0.03,0.02
-0.41,0.1,0.07,0.32,-0.77,-0.25,-0.1,0
0.04,0.12,-0.36,0.36,-0.69,-0.27,-0.15,-0.01
-0.12,0.14,0.11,0.28,-0.51,-0.2,-0.16,-0.01
-0.27,0.15,0.05,-0.07,-0.2,-0.06,-0.12,0
-0.42,0.16,0,-0.32,0.15,0.09,-0.07,0.01
-0.08,0.16,-0.17,-0.14,0.49,0.21,0,0.03
0.79,0.15,-0.23,0.05,0.71,0.22,0.02,0.04
1.28,0.14,0.08,-0.1,0.71,0.16,0.02,0.02
1.33,0.14,0.19,-0.41,0.58,0.05,0.01,0
0.95,0.14,0.19,-0.45,0.34,-0.14,-0.02,-0.03
0.38,0.15,0.1,-0.08,0.07,-0.3,-0.07,-0.06
-0.14,0.16,0,0.36,-0.16,-0.4,-0.13,-0.08
-0.41,0.18,-0.09,0.56,-0.44,-0.43,-0.17,-0.09
-0.71,0.2,-0.01,0.46,-0.65,-0.38,-0.18,-0.09
-0.92,0.22,-0.03,0.18,-0.71,-0.25,-0.16,-0.08
-0.84,0.22,-0.11,-0.04,-0.55,-0.09,-0.09,-0.05
-0.31,0.22,-0.18,-0.1,-0.14,0.12,0,-0.01
0.21,0.21,-0.04,-0.18,0.33,0.32,0.1,0.02
0.89,0.2,-0.05,-0.35,0.7,0.45,0.14,0.04
1.25,0.2,0.09,-0.44,0.84,0.46,0.13,0.04
1.31,0.2,0.13,-0.37,0.72,0.35,0.09,0.02
0.89,0.2,0.19,-0.18,0.42,0.18,0.03,0
0.23,0.21,0.13,0.11,0.02,0.03,-0.02,-0.02
-0.6,0.23,0.08,0.4,-0.4,-0.06,-0.08,-0.04
-1.16,0.25,-0.08,0.57,-0.76,-0.12,-0.16,-0.06
-1.37,0.28,-0.14,0.55,-0.94,-0.14,-0.2,-0.07
-1.37,0.29,-0.1,0.33,-0.86,-0.11,-0.2,-0.06
-0.71,0.29,-0.24,-0.01,-0.51,0,-0.16,-0.04
-0.29,0.28,0.02,-0.31,0.05,0.16,-0.1,-0.01
0.44,0.27,-0.08,-0.52,0.62,0.29,-0.04,0.02
1.04,0.25,0.02,-0.54,1.01,0.34,0,0.04
1.37,0.23,0.1,-0.4,1.1,0.27,0,0.05
1.38,0.21,0.13,-0.25,0.86,0.13,-0.04,0.03
1.03,0.21,0.15,-0.04,0.34,-0.03,-0.09,0.01
0.47,0.21,0.1,0.22,-0.24,-0.17,-0.13,-0.01
-0.23,0.21,0.07,0.42,-0.76,-0.27,-0.15,-0.03
-1.16,0.22,0.09,0.5,-1.08,-0.32,-0.17,-0.03
-1.37,0.23,-0.22,0.48,-1.1,-0.28,-0.16,-0.03
-1.37,0.24,-0.14,0.41,-0.89,-0.16,-0.13,-0.02
-1.16,0.24,-0.09,0.13,-0.42,0.02,-0.07,0
-0.77,0.23,-0.08,-0.27,0.14,0.21,0.03,0.03
0.38,0.22,-0.28,-0.43,0.68,0.34,0.13,0.06
1.31,0.2,0.01,-0.44,1.08,0.37,0.2,0.07
1.72,0.19,0.2,-0.57,1.2,0.3,0.24,0.06
1.71,0.17,0.19,-0.59,1.02,0.13,0.24,0.04
1.19,0.17,0.21,-0.22,0.58,-0.11,0.21,0.01
0.56,0.17,0.08,0.28,-0.04,-0.33,0.17,-0.02
-0.14,0.17,0.03,0.61,-0.67,-0.48,0.13,-0.04
-0.52,0.19,-0.1,0.69,-1.16,-0.53,0.09,-0.06
-0.48,0.2,-0.17,0.54,-1.35,-0.46,0.07,-0.07
-0.34,0.2,-0.07,0.22,-1.18,-0.28,0.06,-0.07
-0.56,0.2,0.11,-0.17,-0.63,-0.04,0.09,-0.06
0.07,0.19,-0.26,-0.36,0.08,0.22,0.16,-0.05
0.28,0.17,0.07,-0.26,0.72,0.44,0.23,-0.04
0.94,0.15,-0.12,-0.21,1.12,0.54,0.28,-0.04
1.15,0.14,0.11,-0.29,1.1,0.49,0.29,-0.05
1.32,0.12,0.05,-0.25,0.82,0.31,0.26,-0.07
1.08,0.11,0.14,-0.13,0.39,0.05,0.19,-0.09
0.74,0.11,0.07,0.06,-0.08,-0.23,0.1,-0.11
0.24,0.11,0.06,0.26,-0.42,-0.45,0.01,-0.14
-0.31,0.12,0.03,0.36,-0.67,-0.57,-0.06,-0.15
-0.92,0.13,0.03,0.36,-0.78,-0.59,-0.11,-0.15
-0.77,0.13,-0.25,0.31,-0.69,-0.48,-0.11,-0.14
-0.92,0.13,0.03,0.2,-0.46,-0.27,-0.07,-0.12
-0.71,0.13,-0.1,-0.07,-0.07,-0.01,0,-0.09
0.14,0.11,-0.25,-0.26,0.34,0.24,0.08,-0.06
0.92,0.1,-0.03,-0.28,0.68,0.39,0.14,-0.05
1.29,0.09,0.15,-0.44,0.88,0.42,0.15,-0.06
1.22,0.08,0.19,-0.55,0.82,0.34,0.11,-0.08
0.74,0.08,0.18,-0.28,0.59,0.18,0.03,-0.1
0.04,0.08,0.11,0.17,0.18,0,-0.07,-0.12
-0.52,0.09,-0.03,0.51,-0.33,-0.14,-0.16,-0.13
-0.71,0.1,-0.14,0.63,-0.75,-0.23,-0.24,-0.14
-0.77,0.11,-0.08,0.47,-1.01,-0.26,-0.27,-0.14
-0.56,0.12,-0.1,0.12,-0.95,-0.17,-0.25,-0.12
-0.29,0.12,-0.05,-0.19,-0.55,-0.01,-0.2,-0.08
-0.23,0.11,0.07,-0.34,0.03,0.18,-0.12,-0.04
0.15,0.1,-0.09,-0.34,0.58,0.35,-0.04,-0.01
0.71,0.09,-0.09,-0.19,0.88,0.46,0,0.01
1.35,0.08,-0.04,-0.09,0.87,0.44,0,0.01
1.39,0.07,0.2,-0.19,0.57,0.32,-0.04,0
1.01,0.07,0.2,-0.26,0.18,0.16,-0.11,-0.02
0.15,0.07,0.2,-0.06,-0.18,-0.03,-0.19,-0.03
-0.31,0.08,-0.09,0.35,-0.48,-0.19,-0.26,-0.04
-0.18,0.09,-0.24,0.65,-0.67,-0.27,-0.3,-0.03
-0.29,0.1,0.03,0.53,-0.74,-0.29,-0.31,0
-0.37,0.1,0.01,0.04,-0.67,-0.25,-0.27,0.03
-0.6,0.1,0.05,-0.28,-0.39,-0.13,-0.18,0.07
-0.44,0.1,-0.12,-0.2,0.06,0.02,-0.07,0.11
0.31,0.08,-0.24,-0.02,0.51,0.16,0.03,0.14
0.83,0.07,0.02,-0.05,0.77,0.24,0.1,0.15
1.13,0.06,0.1,-0.31,0.79,0.22,0.13,0.15
1.11,0.06,0.13,-0.44,0.57,0.09,0.12,0.14
0.96,0.06,0.07,-0.21,0.28,-0.08,0.1,0.12
0.67,0.07,0.06,0.12,0,-0.23,0.05,0.09
0.24,0.08,0.06,0.31,-0.3,-0.33,0.02,0.08
-0.44,0.1,0.1,0.33,-0.53,-0.36,-0.01,0.07
0.76,0.11,-0.62,0.36,-0.7,-0.34,-0.01,0.07
0.83,0.12,0.21,0.28,-0.7,-0.27,0.03,0.09
0.91,0.12,0.1,-0.24,-0.44,-0.13,0.1,0.11
-0.31,0.11,0.44,-0.63,-0.06,0.08,0.18,0.14
0.38,0.1,-0.53,-0.18,0.35,0.28,0.26,0.17
0.84,0.1,-0.1,0.46,0.57,0.39,0.31,0.17
1.28,0.09,0.03,0.31,0.48,0.38,0.3,0.16
1.3,0.08,0.15,-0.31,0.28,0.26,0.25,0.13
1.09,0.08,0.12,-0.46,0.04,0.11,0.18,0.1
0.37,0.08,0.2,-0.14,-0.06,-0.04,0.1,0.06
-0.44,0.09,0.08,0.19,-0.05,-0.16,0.02,0.03
-1.37,0.1,0.05,0.45,-0.09,-0.27,-0.04,0
-0.84,0.12,-0.49,0.6,-0.19,-0.33,-0.09,0
-0.84,0.12,0.05,0.45,-0.35,-0.32,-0.09,0
-0.71,0.12,0,-0.1,-0.3,-0.27,-0.05,0.02
-0.48,0.11,-0.05,-0.54,-0.04,-0.17,0.02,0.04
0.36,0.1,-0.22,-0.4,0.38,-0.04,0.07,0.06
0.78,0.09,0.09,-0.22,0.8,0.08,0.09,0.07
1,0.09,0.11,-0.32,0.87,0.11,0.08,0.05
0.87,0.09,0.14,-0.32,0.65,0.08,0.03,0.02
0.5,0.09,0.11,-0.05,0.21,0.02,-0.04,-0.02
-0.04,0.1,0.08,0.24,-0.3,-0.02,-0.1,-0.07
-0.92,0.12,0.13,0.39,-0.67,0.02,-0.16,-0.1
0.5,0.13,-0.75,0.51,-0.89,0.1,-0.2,-0.12
0.59,0.15,0.24,0.42,-0.9,0.19,-0.22,-0.12
-0.65,0.16,0.58,-0.28,-0.65,0.25,-0.22,-0.11
-0.44,0.16,-0.37,-0.66,-0.26,0.34,-0.18,-0.08
-0.1,0.16,-0.18,0.08,0.19,0.45,-0.12,-0.04
0.44,0.16,-0.08,0.48,0.56,0.54,-0.05,-0.01
1.26,0.15,-0.11,-0.07,0.57,0.56,-0.02,0
1.54,0.14,0.16,-0.44,0.46,0.43,-0.04,0
1.47,0.14,0.17,-0.47,0.31,0.19,-0.09,-0.02
0.85,0.14,0.22,-0.3,0.07,-0.06,-0.14,-0.05
0.24,0.15,0.05,0.14,0.03,-0.24,-0.17,-0.08
-0.34,0.15,-0.01,0.52,-0.14,-0.36,-0.2,-0.1
-0.48,0.17,-0.15,0.61,-0.46,-0.42,-0.21,-0.12
-0.71,0.18,-0.01,0.42,-0.62,-0.44,-0.21,-0.11
-0.56,0.18,-0.12,0.08,-0.66,-0.46,-0.18,-0.1
-0.84,0.18,0.11,-0.18,-0.38,-0.35,-0.11,-0.07
-0.37,0.17,-0.22,-0.25,0.17,-0.16,-0.02,-0.04
0.11,0.15,-0.07,-0.17,0.64,0,0.08,0
0.62,0.14,-0.01,-0.18,0.89,0.07,0.18,0.02
0.98,0.13,0.05,-0.32,0.86,0.04,0.22,0.02
1,0.12,0.13,-0.33,0.59,-0.07,0.23,0.01
0.72,0.12,0.13,-0.16,0.25,-0.18,0.22,-0.01
0.11,0.12,0.14,0.07,-0.11,-0.19,0.2,-0.03
-0.6,0.13,0.06,0.31,-0.42,-0.19,0.2,-0.05
-1.37,0.15,0.03,0.47,-0.67,-0.21,0.2,-0.05
-1.16,0.16,-0.33,0.51,-0.82,-0.16,0.19,-0.05
-0.71,0.16,-0.17,0.38,-0.75,-0.03,0.19,-0.04
-0.71,0.16,0.13,-0.06,-0.45,0.15,0.22,-0.02
-0.56,0.15,-0.01,-0.52,0.02,0.35,0.26,0.01
0.41,0.13,-0.29,-0.45,0.52,0.51,0.31,0.04
1.04,0.12,0.04,-0.16,0.87,0.52,0.3,0.06
1.47,0.11,0.1,-0.26,0.92,0.44,0.26,0.07
1.47,0.1,0.17,-0.41,0.66,0.31,0.2,0.05
1.34,0.1,0.08,-0.17,0.25,0.13,0.11,0.02
0.82,0.11,0.15,0.17,-0.25,-0.05,0,-0.01
0.36,0.12,0.02,0.37,-0.65,-0.18,-0.09,-0.05
-0.48,0.13,0.12,0.46,-0.88,-0.24,-0.17,-0.07
-0.48,0.14,-0.25,0.45,-0.97,-0.24,-0.23,-0.08
-0.71,0.14,0,0.36,-0.84,-0.15,-0.25,-0.09
-0.6,0.14,-0.1,0.1,-0.48,-0.01,-0.23,-0.08
-0.41,0.13,-0.06,-0.19,-0.01,0.13,-0.17,-0.06
0.28,0.11,-0.18,-0.26,0.5,0.25,-0.11,-0.04
0.89,0.1,-0.02,-0.28,0.9,0.29,-0.07,-0.02
1.36,0.09,0.06,-0.38,1.03,0.2,-0.05,-0.02
1.31,0.09,0.19,-0.41,0.92,0.01,-0.05,-0.04
1,0.09,0.14,-0.24,0.6,-0.21,-0.07,-0.06
0.27,0.1,0.17,0.09,0.14,-0.43,-0.07,-0.08
-0.23,0.11,-0.04,0.4,-0.32,-0.57,-0.07,-0.09
-0.77,0.13,-0.01,0.56,-0.71,-0.61,-0.08,-0.1
-0.71,0.15,-0.2,0.49,-0.93,-0.58,-0.07,-0.09
-0.6,0.16,-0.07,0.24,-0.87,-0.44,-0.03,-0.07
-0.77,0.16,0.09,-0.1,-0.54,-0.22,0.04,-0.05
-0.48,0.16,-0.13,-0.33,-0.02,0.05,0.14,-0.02
0.27,0.15,-0.2,-0.24,0.49,0.3,0.23,0.01
1,0.14,-0.04,-0.15,0.85,0.46,0.29,0.03
1.27,0.14,0.16,-0.34,0.9,0.5,0.29,0.02
1.41,0.14,0.09,-0.45,0.69,0.41,0.25,0
1.13,0.14,0.16,-0.21,0.35,0.26,0.18,-0.02
0.77,0.15,0.07,0.13,-0.07,0.08,0.11,-0.03
0.11,0.16,0.11,0.35,-0.45,-0.06,0.03,-0.03
-0.92,0.17,0.15,0.43,-0.74,-0.15,-0.04,-0.04
-1.02,0.18,-0.28,0.46,-0.91,-0.17,-0.1,-0.03
-0.71,0.18,-0.23,0.48,-0.86,-0.12,-0.14,-0.03
-0.44,0.18,-0.02,0.19,-0.55,0,-0.14,-0.01
-0.04,0.17,-0.04,-0.35,-0.07,0.16,-0.11,0.02
0.32,0.16,0,-0.56,0.47,0.3,-0.06,0.06
0.97,0.14,-0.1,-0.41,0.92,0.37,-0.03,0.08
1.4,0.13,0.05,-0.26,1.05,0.32,-0.04,0.09
1.49,0.12,0.14,-0.2,0.88,0.17,-0.08,0.08
1.07,0.12,0.21,-0.15,0.47,-0.01,-0.14,0.07
0.37,0.12,0.14,0.05,-0.09,-0.21,-0.21,0.06
-0.6,0.13,0.12,0.36,-0.55,-0.35,-0.26,0.07
-0.92,0.14,-0.2,0.59,-0.86,-0.42,-0.29,0.08
-0.71,0.15,-0.24,0.62,-0.96,-0.42,-0.29,0.09
-0.71,0.16,0.02,0.3,-0.79,-0.3,-0.27,0.11
-0.6,0.16,-0.02,-0.23,-0.42,-0.12,-0.19,0.13
-0.6,0.16,0.03,-0.46,0.1,0.08,-0.08,0.16
0.39,0.15,-0.33,-0.29,0.64,0.24,0.03,0.18
0.8,0.14,0.11,-0.15,0.97,0.35,0.11,0.19
1.2,0.14,0.06,-0.29,1,0.35,0.15,0.18
1.34,0.14,0.09,-0.38,0.74,0.25,0.15,0.15
1.15,0.15,0.14,-0.16,0.28,0.07,0.12,0.12
0.71,0.16,0.12,0.1,-0.16,-0.14,0.07,0.08
-0.31,0.17,0.22,0.27,-0.55,-0.27,0.01,0.06
-0.65,0.19,-0.18,0.44,-0.79,-0.31,-0.03,0.05
-0.56,0.21,-0.21,0.58,-0.89,-0.25,-0.05,0.05
-0.34,0.22,-0.08,0.4,-0.82,-0.15,-0.04,0.06
-0.34,0.22,0.06,-0.1,-0.5,0,0,0.08
-0.23,0.21,-0.02,-0.43,-0.04,0.18,0.07,0.11
0.58,0.21,-0.25,-0.32,0.49,0.35,0.14,0.12
1.09,0.2,0.04,-0.15,0.86,0.46,0.19,0.12
1.48,0.2,0.07,-0.25,0.94,0.42,0.19,0.1
1.55,0.19,0.12,-0.36,0.74,0.26,0.14,0.07
1.19,0.2,0.18,-0.18,0.34,0.02,0.07,0.04
0.62,0.2,0.11,0.1,-0.09,-0.19,-0.01,0.02
-0.84,0.21,0.32,0.33,-0.47,-0.34,-0.08,0.01
-5.86,0.23,1.3,0.39,-0.71,-0.41,-0.14,-0.01
-5.86,0.24,-1.39,0.82,-0.86,-0.4,-0.17,-0.01
-5.86,0.25,-0.46,1.78,-0.88,-0.32,-0.15,-0.01
-1.37,0.25,-1.53,1.39,-0.57,-0.17,-0.09,0.01
-0.52,0.25,0.83,-0.86,-0.01,0.01,0,0.04
-0.08,0.24,0.47,-2.74,0.98,0.15,0.1,0.06
1.02,0.24,-0.19,-2.48,2.1,0.19,0.17,0.06
1.3,0.24,0.22,-0.59,2.56,0.14,0.2,0.04
1.35,0.24,0.15,0.53,2.29,0.04,0.17,0
0.78,0.25,0.23,0.49,0.84,-0.07,0.11,-0.03
0.27,0.25,0.04,0.59,-1.11,-0.18,0.03,-0.06
-0.14,0.26,-0.04,0.7,-2.55,-0.2,-0.04,-0.09
-0.77,0.27,0.07,0.61,-3.24,-0.1,-0.09,-0.1
-1.37,0.28,0.01,0.39,-2.66,0.2,-0.13,-0.1
-1.37,0.29,-0.21,0.21,-1.56,0.66,-0.15,-0.08
-1.37,0.28,-0.05,0.14,-0.43,1.05,-0.13,-0.06
-0.34,0.27,-0.35,-0.05,0.57,1.29,-0.07,-0.03
0.42,0.25,0,-0.31,1.09,1.29,0.02,-0.01
0.99,0.23,0.09,-0.58,1.45,1.2,0.09,0
1.26,0.22,0.12,-0.69,1.53,0.92,0.1,-0.01
1.25,0.21,0.12,-0.4,1.3,0.46,0.07,-0.04
0.93,0.21,0.13,0.02,0.84,-0.21,0,-0.07
0.47,0.21,0.08,0.29,0.14,-0.99,-0.09,-0.1
0.02,0.22,0.01,0.45,-0.54,-1.55,-0.15,-0.12
-0.41,0.23,-0.01,0.47,-1.02,-1.81,-0.18,-0.13
-0.44,0.23,-0.14,0.36,-1.2,-1.68,-0.15,-0.13
-0.92,0.24,0.12,0.18,-0.97,-1.42,-0.1,-0.11
-0.37,0.23,-0.31,-0.01,-0.49,-1.05,0,-0.08
-0.1,0.22,0,-0.09,0.07,-0.6,0.14,-0.05
0.38,0.21,-0.05,-0.22,0.58,-0.13,0.34,-0.03
0.88,0.2,-0.03,-0.39,0.86,0.3,0.55,-0.03
1.23,0.19,0.05,-0.35,0.9,0.51,0.68,-0.04
1.46,0.18,0.05,-0.23,0.76,0.53,0.71,-0.06
1.09,0.18,0.22,-0.13,0.42,0.34,0.62,-0.08
0.54,0.19,0.12,0.04,0.03,0.1,0.5,-0.1
-1.02,0.2,0.36,0.25,-0.36,-0.11,0.4,-0.12
-0.65,0.22,-0.57,0.54,-0.71,-0.25,0.32,-0.12
-0.65,0.23,-0.05,0.74,-0.85,-0.28,0.28,-0.11
-0.77,0.24,0.07,0.32,-0.76,-0.18,0.29,-0.09
-0.6,0.24,-0.09,-0.36,-0.45,0,0.31,-0.06
-0.44,0.23,-0.02,-0.42,0.06,0.2,0.33,-0.02
0.39,0.22,-0.23,-0.2,0.61,0.35,0.33,0.01
1.13,0.21,-0.03,-0.19,0.91,0.46,0.32,0.03
1.6,0.2,0.1,-0.32,0.96,0.47,0.24,0.03
1.59,0.19,0.19,-0.42,0.73,0.38,0.1,0.01
1.09,0.18,0.21,-0.26,0.24,0.21,-0.13,-0.02
0.5,0.18,0.08,0.13,-0.16,0.01,-0.44,-0.05
-0.16,0.19,0.03,0.49,-0.57,-0.15,-0.69,-0.07
-0.37,0.19,-0.15,0.63,-0.87,-0.22,-0.85,-0.07
-1.16,0.2,0.16,0.47,-0.95,-0.15,-0.86,-0.06
-1.16,0.21,-0.22,0.18,-0.87,-0.07,-0.81,-0.02
-0.41,0.21,-0.33,0.06,-0.5,0.07,-0.73,0.02
-0.34,0.2,0.16,-0.08,0.05,0.23,-0.63,0.06
0.45,0.19,-0.18,-0.45,0.62,0.38,-0.54,0.1
0.93,0.17,0.04,-0.55,0.99,0.43,-0.48,0.12
1.24,0.16,0.09,-0.36,1.11,0.36,-0.45,0.13
1.2,0.16,0.14,-0.27,0.89,0.18,-0.44,0.13
1.16,0.17,0.03,-0.07,0.43,-0.07,-0.45,0.12
0.8,0.18,0.11,0.2,-0.05,-0.26,-0.48,0.1
0.41,0.19,0.04,0.3,-0.58,-0.38,-0.5,0.1
0.91,0.21,-0.3,0.35,-0.91,-0.44,-0.49,0.12
-0.92,0.24,0.71,0.25,-0.96,-0.42,-0.41,0.17
-0.65,0.27,-0.5,0.03,-0.82,-0.31,-0.25,0.24
-0.56,0.28,-0.13,0.25,-0.48,-0.08,-0.09,0.3
-0.21,0.28,-0.07,0.36,-0.04,0.18,0.06,0.35
0.14,0.27,-0.02,-0.19,0.31,0.39,0.17,0.37
1.01,0.25,-0.18,-0.49,0.56,0.49,0.23,0.37
1.29,0.24,0.15,-0.4,0.81,0.44,0.25,0.35
1.47,0.23,0.09,-0.4,0.78,0.3,0.23,0.31
1,0.22,0.23,-0.27,0.64,0.11,0.18,0.27
0.51,0.22,0.07,0.07,0.38,-0.09,0.12,0.23
-0.34,0.22,0.12,0.37,-0.17,-0.32,0.07,0.2
-0.84,0.23,-0.09,0.54,-0.6,-0.46,0.02,0.18
-0.84,0.23,-0.2,0.54,-0.87,-0.49,0.01,0.17
-0.84,0.24,-0.05,0.33,-0.91,-0.44,0.04,0.18
-0.56,0.23,-0.1,-0.06,-0.57,-0.24,0.09,0.2
-0.41,0.22,0.02,-0.35,-0.06,-0.02,0.17,0.22
0.39,0.21,-0.21,-0.36,0.48,0.17,0.25,0.25
0.92,0.19,0.03,-0.29,0.86,0.29,0.3,0.27
1.36,0.18,0.06,-0.32,0.96,0.36,0.31,0.26
1.38,0.17,0.15,-0.34,0.76,0.3,0.27,0.22
0.99,0.16,0.18,-0.17,0.35,0.2,0.19,0.17
0.35,0.17,0.12,0.12,-0.11,0.08,0.11,0.12
-0.71,0.18,0.17,0.38,-0.55,-0.08,0.04,0.07
-0.92,0.19,-0.25,0.58,-0.85,-0.16,-0.03,0.04
-1.02,0.19,-0.12,0.61,-0.96,-0.15,-0.06,0.02
-1.16,0.2,0,0.3,-0.83,-0.07,-0.05,0.02
-0.92,0.2,-0.13,-0.16,-0.45,0.04,-0.02,0.03
-0.65,0.19,-0.05,-0.33,0.08,0.19,0.05,0.03
-0.04,0.17,-0.12,-0.3,0.65,0.3,0.1,0.02
0.59,0.16,-0.04,-0.32,1,0.35,0.14,0
1.03,0.15,0.06,-0.34,1.06,0.31,0.15,-0.04
1.19,0.14,0.11,-0.33,0.83,0.17,0.12,-0.11
1.04,0.15,0.13,-0.2,0.36,-0.03,0.06,-0.21
0.56,0.15,0.14,0.05,-0.1,-0.22,-0.02,-0.32
-0.08,0.16,0.08,0.29,-0.53,-0.35,-0.1,-0.41
-1.16,0.17,0.16,0.43,-0.85,-0.39,-0.16,-0.45
-1.37,0.18,-0.26,0.51,-0.96,-0.34,-0.16,-0.45
-0.77,0.18,-0.36,0.53,-0.92,-0.23,-0.15,-0.43
-0.77,0.17,0.13,0.22,-0.62,-0.03,-0.08,-0.4
-0.65,0.15,0.01,-0.4,-0.12,0.19,0.01,-0.36
0.11,0.13,-0.23,-0.58,0.42,0.38,0.1,-0.32
0.95,0.11,-0.09,-0.27,0.9,0.47,0.16,-0.3
1.28,0.09,0.17,-0.26,1.09,0.44,0.2,-0.3
1.29,0.08,0.16,-0.42,0.93,0.29,0.19,-0.32
0.87,0.08,0.18,-0.24,0.54,0.05,0.16,-0.35
0.37,0.08,0.07,0.16,-0.02,-0.17,0.11,-0.37
-0.21,0.08,0.03,0.46,-0.54,-0.35,0.04,-0.39
-1.37,0.09,0.21,0.52,-0.87,-0.45,-0.01,-0.4
-5.86,0.1,1.19,0.32,-1,-0.46,-0.03,-0.4
-5.86,0.11,-1.23,0.53,-0.91,-0.35,-0.02,-0.38
-0.71,0.11,-2.17,1.55,-0.64,-0.16,0.03,-0.35
-0.37,0.1,1.17,0.92,-0.1,0.03,0.12,-0.3
0.12,0.08,0.39,-2.13,0.61,0.21,0.21,-0.26
0.79,0.05,-0.08,-2.96,1.34,0.3,0.27,-0.23
1.22,0.04,0.07,-0.73,2.08,0.25,0.28,-0.23
1.28,0.02,0.15,0.49,2.02,0.12,0.25,-0.23
0.89,0.01,0.19,0.43,1.07,-0.01,0.18,-0.25
0.18,0.01,0.15,0.49,-0.18,-0.17,0.1,-0.26
-0.16,0.01,-0.1,0.55,-1.79,-0.31,0.02,-0.28
-0.41,0.01,-0.06,0.58,-2.6,-0.3,-0.05,-0.27
-0.31,0.01,-0.13,0.45,-2.26,-0.17,-0.1,-0.25
-0.77,0,0.16,0.08,-1.57,0.1,-0.12,-0.22
-0.65,-0.02,-0.15,-0.17,-0.45,0.54,-0.1,-0.17
-0.34,-0.05,-0.12,-0.13,0.47,0.85,-0.04,-0.11
-0.04,-0.09,-0.01,-0.07,0.88,0.88,0.05,-0.04
0.76,-0.14,-0.17,-0.2,1.13,0.87,0.12,0.02
1.28,-0.18,0.05,-0.3,1.12,0.76,0.14,0.06
1.52,-0.2,0.12,-0.34,0.92,0.47,0.11,0.06
1.24,-0.2,0.2,-0.33,0.58,0.04,0.04,0.03
0.6,-0.19,0.17,-0.07,0.19,-0.46,-0.05,0.01
-0.26,-0.18,0.11,0.29,-0.2,-1.06,-0.13,-0.01
-1.37,-0.16,0.11,0.55,-0.59,-1.36,-0.19,-0.01
-0.44,-0.15,-0.67,0.69,-0.81,-1.24,-0.18,0
-0.21,-0.14,0.05,0.55,-0.85,-1.05,-0.15,0.02
-0.1,-0.14,0.11,-0.14,-0.62,-0.82,-0.08,0.05
-0.23,-0.15,0.09,-0.74,-0.11,-0.49,0.03,0.09
0.66,-0.16,-0.33,-0.47,0.49,-0.16,0.15,0.11
0.87,-0.17,0.14,-0.04,0.95,0.15,0.29,0.13
1.34,-0.18,-0.03,-0.12,1,0.42,0.41,0.12
1.04,-0.18,0.24,-0.25,0.74,0.46,0.43,0.11
0.98,-0.18,-0.01,-0.1,0.25,0.28,0.34,0.09
0.23,-0.16,0.21,0.14,-0.27,0.1,0.22,0.06
-0.18,-0.14,-0.05,0.32,-0.57,-0.02,0.11,0.04
0.62,-0.12,-0.44,0.46,-0.72,-0.11,0.04,0.04
0.66,-0.1,0.15,0.37,-0.72,-0.11,-0.01,0.06
0.7,-0.09,0.07,-0.16,-0.51,-0.03,-0.01,0.08
-1.23,-0.08,0.67,-0.54,-0.21,0.06,0.05,0.12
-0.36,-0.08,-0.78,-0.13,0.15,0.2,0.11,0.16
0.22,-0.08,-0.16,0.59,0.43,0.36,0.13,0.2
0.84,-0.09,0.01,0.42,0.5,0.46,0.12,0.22
0.98,-0.09,0.16,-0.48,0.42,0.43,0.08,0.23
1.13,-0.09,0.04,-0.72,0.26,0.31,0,0.22
0.71,-0.09,0.19,-0.29,0.25,0.09,-0.15,0.2
0.48,-0.08,-0.01,0.07,0.21,-0.11,-0.34,0.18
-0.17,-0.07,0.13,0.32,0.1,-0.23,-0.56,0.15
