sl.no,spi,Approximation,D 1,D 2,D 3,D 4,D 5,D 6
1,-0.16,-0.05,-0.19,0.42,-0.11,-0.27,-0.69,0.14
2,-0.14,-0.04,-0.06,0.35,-0.5,-0.31,-0.67,0.15
3,0.21,-0.03,-0.11,0.14,-0.63,-0.31,-0.62,0.17
4,0.51,-0.02,-0.01,-0.15,-0.5,-0.21,-0.53,0.2
5,0.92,-0.03,-0.03,-0.32,-0.16,-0.03,-0.42,0.24
6,1.21,-0.03,0.03,-0.32,0.31,0.2,-0.32,0.27
7,1.29,-0.04,0.08,-0.24,0.55,0.32,-0.24,0.29
8,0.96,-0.04,0.16,-0.13,0.54,0.32,-0.23,0.28
9,0.38,-0.03,0.12,0.03,0.32,0.23,-0.25,0.26
10,-0.71,-0.02,0.2,0.24,-0.03,0.16,-0.26,0.24
11,-0.92,0,-0.25,0.45,-0.35,0.12,-0.28,0.21
12,-0.6,0.02,-0.26,0.58,-0.55,0.08,-0.29,0.2
13,-0.44,0.04,0.01,0.32,-0.54,0,-0.29,0.19
14,-0.29,0.06,0.02,-0.27,-0.32,-0.12,-0.25,0.21
15,-0.06,0.08,-0.03,-0.53,0.07,-0.14,-0.16,0.25
16,0.46,0.1,-0.11,-0.34,0.52,-0.11,-0.02,0.3
17,1.03,0.1,-0.04,-0.16,0.78,-0.04,0.11,0.34
18,1.53,0.09,0.02,-0.17,0.78,0,0.17,0.36
19,1.46,0.08,0.2,-0.23,0.53,-0.02,0.2,0.36
20,1.07,0.07,0.16,-0.19,0.08,-0.07,0.19,0.34
21,0.14,0.07,0.21,0.06,-0.32,-0.1,0.15,0.3
22,-0.56,0.07,-0.03,0.4,-0.62,-0.07,0.1,0.24
23,-1.16,0.08,-0.06,0.63,-0.8,-0.02,0.03,0.19
24,-0.92,0.1,-0.3,0.6,-0.82,0.06,-0.01,0.14
25,-0.92,0.12,0.01,0.27,-0.67,0.14,-0.03,0.1
26,-0.65,0.13,-0.07,-0.19,-0.33,0.2,-0.03,0.08
27,-0.65,0.14,0.07,-0.46,0.19,0.26,-0.01,0.07
28,0.24,0.14,-0.28,-0.38,0.72,0.32,0.05,0.07
29,0.71,0.14,0.06,-0.21,1.05,0.32,0.12,0.08
30,1.11,0.14,0.06,-0.27,1.05,0.24,0.19,0.09
31,1.15,0.14,0.13,-0.34,0.74,0.06,0.23,0.09
32,0.96,0.13,0.11,-0.16,0.25,-0.16,0.22,0.09
33,0.46,0.14,0.13,0.12,-0.24,-0.33,0.17,0.06
34,-0.18,0.15,0.08,0.32,-0.63,-0.4,0.12,0.01
35,-0.84,0.17,0.02,0.44,-0.86,-0.38,0.07,-0.04
36,-0.71,0.19,-0.27,0.48,-0.93,-0.29,0.03,-0.09
37,-0.92,0.21,0.04,0.35,-0.82,-0.15,0.01,-0.12
38,-0.92,0.22,-0.04,-0.01,-0.48,0.03,0,-0.15
39,-0.71,0.22,-0.09,-0.26,-0.02,0.24,0.05,-0.15
40,0.38,0.21,-0.32,-0.2,0.46,0.43,0.13,-0.15
41,1.17,0.19,0.02,-0.21,0.84,0.51,0.19,-0.14
42,1.59,0.18,0.15,-0.48,0.94,0.44,0.24,-0.14
43,1.47,0.16,0.22,-0.59,0.82,0.25,0.26,-0.15
44,0.95,0.15,0.19,-0.26,0.5,0.01,0.23,-0.17
45,0.14,0.14,0.14,0.23,0.04,-0.21,0.18,-0.21
46,-0.52,0.14,-0.02,0.58,-0.44,-0.36,0.1,-0.27
47,-0.52,0.15,-0.24,0.71,-0.86,-0.44,0.04,-0.34
48,-0.44,0.16,-0.09,0.54,-1.08,-0.43,-0.01,-0.42
49,-0.44,0.17,0.02,0.06,-0.97,-0.35,-0.02,-0.46
50,-1.16,0.17,0.25,-0.36,-0.51,-0.18,0.02,-0.46
51,-0.77,0.16,-0.31,-0.33,0.13,0.03,0.08,-0.46
52,-0.02,0.15,-0.22,0.03,0.7,0.24,0.15,-0.44
53,0.72,0.13,-0.03,0.05,0.99,0.35,0.21,-0.4
54,1.18,0.11,0.1,-0.38,0.94,0.32,0.25,-0.36
55,1.28,0.08,0.15,-0.58,0.66,0.18,0.24,-0.33
56,1.05,0.06,0.15,-0.33,0.34,-0.02,0.18,-0.31
57,0.46,0.05,0.15,0.04,0.01,-0.2,0.11,-0.31
58,-0.14,0.04,0.04,0.36,-0.3,-0.32,0.04,-0.32
59,-0.77,0.04,0.01,0.53,-0.6,-0.37,-0.02,-0.32
60,-0.52,0.05,-0.3,0.53,-0.88,-0.36,-0.06,-0.32
61,-0.44,0.05,-0.02,0.34,-0.92,-0.28,-0.06,-0.32
62,-0.41,0.06,0.03,-0.07,-0.66,-0.09,-0.02,-0.32
63,-0.56,0.06,0.07,-0.39,-0.16,0.14,0.03,-0.31
64,0.42,0.06,-0.37,-0.28,0.42,0.38,0.09,-0.29
65,1,0.04,0.03,-0.07,0.82,0.49,0.13,-0.27
66,1.36,0.02,0.11,-0.24,0.91,0.46,0.13,-0.23
67,1.22,-0.01,0.19,-0.46,0.72,0.32,0.09,-0.21
68,0.82,-0.03,0.13,-0.24,0.38,0.13,0.02,-0.19
69,0.38,-0.04,0.04,0.18,-0.02,-0.05,-0.05,-0.18
70,0,-0.04,-0.02,0.45,-0.39,-0.2,-0.13,-0.17
71,-0.31,-0.03,-0.03,0.49,-0.66,-0.31,-0.19,-0.16
72,-1.02,-0.02,0.13,0.3,-0.8,-0.37,-0.22,-0.14
73,-0.92,-0.01,-0.24,0.12,-0.73,-0.33,-0.21,-0.12
74,-0.92,-0.01,-0.04,0.1,-0.41,-0.2,-0.17,-0.1
75,-0.56,-0.02,-0.11,-0.02,0.03,-0.01,-0.1,-0.07
76,-0.21,-0.03,-0.03,-0.25,0.47,0.17,-0.02,-0.04
77,0.54,-0.05,-0.14,-0.34,0.78,0.28,0.02,-0.01
78,0.83,-0.08,0.12,-0.34,0.87,0.25,0.03,0.04
79,0.89,-0.12,0.12,-0.35,0.73,0.14,0.01,0.07
80,0.53,-0.15,0.16,-0.23,0.46,0.01,-0.03,0.1
81,0.18,-0.16,0.04,0.08,0.09,-0.13,-0.08,0.12
82,-0.21,-0.16,0.01,0.36,-0.33,-0.23,-0.13,0.12
83,-0.52,-0.14,-0.02,0.44,-0.67,-0.27,-0.17,0.14
84,-0.84,-0.12,0,0.32,-0.85,-0.27,-0.18,0.15
85,-0.84,-0.1,-0.11,0.16,-0.81,-0.2,-0.17,0.16
86,-0.56,-0.09,-0.12,0.04,-0.52,-0.01,-0.11,0.17
87,-0.29,-0.08,-0.02,-0.1,-0.09,0.21,-0.02,0.18
88,0.37,-0.08,-0.13,-0.26,0.34,0.39,0.06,0.2
89,0.82,-0.08,0.04,-0.33,0.64,0.49,0.11,0.22
90,1.17,-0.09,0.05,-0.34,0.74,0.47,0.11,0.23
91,1.15,-0.1,0.14,-0.29,0.62,0.35,0.07,0.22
92,0.83,-0.1,0.14,-0.1,0.34,0.2,0.02,0.22
93,0.2,-0.1,0.13,0.14,-0.01,0.03,-0.04,0.21
94,-0.77,-0.1,0.14,0.34,-0.4,-0.15,-0.1,0.2
95,0.21,-0.08,-0.63,0.54,-0.69,-0.27,-0.15,0.2
96,0.16,-0.06,0.17,0.52,-0.8,-0.32,-0.18,0.21
97,-1.37,-0.05,0.6,-0.1,-0.66,-0.29,-0.17,0.22
98,-1.37,-0.03,-0.39,-0.5,-0.32,-0.19,-0.12,0.23
99,-0.6,-0.02,-0.4,0.17,0.12,-0.04,-0.04,0.24
100,0.35,-0.02,-0.13,0.49,0.54,0.08,0.05,0.25
101,0.91,-0.02,0.12,-0.28,0.68,0.15,0.11,0.26
102,1.28,-0.03,0.1,-0.82,0.7,0.14,0.14,0.24
103,1.23,-0.04,0.16,-0.61,0.64,0.04,0.12,0.21
104,0.84,-0.03,0.15,-0.17,0.39,-0.1,0.08,0.17
105,0.15,-0.03,0.13,0.22,0.19,-0.21,0.04,0.14
106,-1.02,-0.01,0.19,0.47,-0.19,-0.3,0,0.12
107,-0.78,0,-0.44,0.62,-0.69,-0.33,-0.02,0.12
108,-0.77,0.02,-0.05,0.63,-0.98,-0.28,-0.03,0.12
109,-0.44,0.04,-0.09,0.2,-0.97,-0.22,-0.01,0.12
110,-0.16,0.05,-0.01,-0.37,-0.59,-0.06,0.05,0.13
111,0.27,0.06,-0.05,-0.49,0.08,0.17,0.12,0.15
112,0.61,0.06,0.02,-0.37,0.71,0.36,0.19,0.17
113,1.03,0.06,-0.02,-0.26,0.98,0.42,0.24,0.17
114,1.26,0.06,0.06,-0.15,0.93,0.38,0.24,0.15
115,1.29,0.06,0.09,-0.07,0.56,0.25,0.2,0.12
116,1.11,0.06,0.09,0,0.03,0.08,0.14,0.08
117,0.71,0.07,0.09,0.12,-0.38,-0.02,0.06,0.04
118,0.24,0.08,0.04,0.25,-0.67,-0.13,-0.03,0.02
119,-0.41,0.1,0.07,0.32,-0.77,-0.25,-0.1,0
120,0.04,0.12,-0.36,0.36,-0.69,-0.27,-0.15,-0.01
121,-0.12,0.14,0.11,0.28,-0.51,-0.2,-0.16,-0.01
122,-0.27,0.15,0.05,-0.07,-0.2,-0.06,-0.12,0
123,-0.42,0.16,0,-0.32,0.15,0.09,-0.07,0.01
124,-0.08,0.16,-0.17,-0.14,0.49,0.21,0,0.03
125,0.79,0.15,-0.23,0.05,0.71,0.22,0.02,0.04
126,1.28,0.14,0.08,-0.1,0.71,0.16,0.02,0.02
127,1.33,0.14,0.19,-0.41,0.58,0.05,0.01,0
128,0.95,0.14,0.19,-0.45,0.34,-0.14,-0.02,-0.03
129,0.38,0.15,0.1,-0.08,0.07,-0.3,-0.07,-0.06
130,-0.14,0.16,0,0.36,-0.16,-0.4,-0.13,-0.08
131,-0.41,0.18,-0.09,0.56,-0.44,-0.43,-0.17,-0.09
132,-0.71,0.2,-0.01,0.46,-0.65,-0.38,-0.18,-0.09
133,-0.92,0.22,-0.03,0.18,-0.71,-0.25,-0.16,-0.08
134,-0.84,0.22,-0.11,-0.04,-0.55,-0.09,-0.09,-0.05
135,-0.31,0.22,-0.18,-0.1,-0.14,0.12,0,-0.01
136,0.21,0.21,-0.04,-0.18,0.33,0.32,0.1,0.02
137,0.89,0.2,-0.05,-0.35,0.7,0.45,0.14,0.04
138,1.25,0.2,0.09,-0.44,0.84,0.46,0.13,0.04
139,1.31,0.2,0.13,-0.37,0.72,0.35,0.09,0.02
140,0.89,0.2,0.19,-0.18,0.42,0.18,0.03,0
141,0.23,0.21,0.13,0.11,0.02,0.03,-0.02,-0.02
142,-0.6,0.23,0.08,0.4,-0.4,-0.06,-0.08,-0.04
143,-1.16,0.25,-0.08,0.57,-0.76,-0.12,-0.16,-0.06
144,-1.37,0.28,-0.14,0.55,-0.94,-0.14,-0.2,-0.07
145,-1.37,0.29,-0.1,0.33,-0.86,-0.11,-0.2,-0.06
146,-0.71,0.29,-0.24,-0.01,-0.51,0,-0.16,-0.04
147,-0.29,0.28,0.02,-0.31,0.05,0.16,-0.1,-0.01
148,0.44,0.27,-0.08,-0.52,0.62,0.29,-0.04,0.02
149,1.04,0.25,0.02,-0.54,1.01,0.34,0,0.04
150,1.37,0.23,0.1,-0.4,1.1,0.27,0,0.05
151,1.38,0.21,0.13,-0.25,0.86,0.13,-0.04,0.03
152,1.03,0.21,0.15,-0.04,0.34,-0.03,-0.09,0.01
153,0.47,0.21,0.1,0.22,-0.24,-0.17,-0.13,-0.01
154,-0.23,0.21,0.07,0.42,-0.76,-0.27,-0.15,-0.03
155,-1.16,0.22,0.09,0.5,-1.08,-0.32,-0.17,-0.03
156,-1.37,0.23,-0.22,0.48,-1.1,-0.28,-0.16,-0.03
157,-1.37,0.24,-0.14,0.41,-0.89,-0.16,-0.13,-0.02
158,-1.16,0.24,-0.09,0.13,-0.42,0.02,-0.07,0
159,-0.77,0.23,-0.08,-0.27,0.14,0.21,0.03,0.03
160,0.38,0.22,-0.28,-0.43,0.68,0.34,0.13,0.06
161,1.31,0.2,0.01,-0.44,1.08,0.37,0.2,0.07
162,1.72,0.19,0.2,-0.57,1.2,0.3,0.24,0.06
163,1.71,0.17,0.19,-0.59,1.02,0.13,0.24,0.04
164,1.19,0.17,0.21,-0.22,0.58,-0.11,0.21,0.01
165,0.56,0.17,0.08,0.28,-0.04,-0.33,0.17,-0.02
166,-0.14,0.17,0.03,0.61,-0.67,-0.48,0.13,-0.04
167,-0.52,0.19,-0.1,0.69,-1.16,-0.53,0.09,-0.06
168,-0.48,0.2,-0.17,0.54,-1.35,-0.46,0.07,-0.07
169,-0.34,0.2,-0.07,0.22,-1.18,-0.28,0.06,-0.07
170,-0.56,0.2,0.11,-0.17,-0.63,-0.04,0.09,-0.06
171,0.07,0.19,-0.26,-0.36,0.08,0.22,0.16,-0.05
172,0.28,0.17,0.07,-0.26,0.72,0.44,0.23,-0.04
173,0.94,0.15,-0.12,-0.21,1.12,0.54,0.28,-0.04
174,1.15,0.14,0.11,-0.29,1.1,0.49,0.29,-0.05
175,1.32,0.12,0.05,-0.25,0.82,0.31,0.26,-0.07
176,1.08,0.11,0.14,-0.13,0.39,0.05,0.19,-0.09
177,0.74,0.11,0.07,0.06,-0.08,-0.23,0.1,-0.11
178,0.24,0.11,0.06,0.26,-0.42,-0.45,0.01,-0.14
179,-0.31,0.12,0.03,0.36,-0.67,-0.57,-0.06,-0.15
180,-0.92,0.13,0.03,0.36,-0.78,-0.59,-0.11,-0.15
181,-0.77,0.13,-0.25,0.31,-0.69,-0.48,-0.11,-0.14
182,-0.92,0.13,0.03,0.2,-0.46,-0.27,-0.07,-0.12
183,-0.71,0.13,-0.1,-0.07,-0.07,-0.01,0,-0.09
184,0.14,0.11,-0.25,-0.26,0.34,0.24,0.08,-0.06
185,0.92,0.1,-0.03,-0.28,0.68,0.39,0.14,-0.05
186,1.29,0.09,0.15,-0.44,0.88,0.42,0.15,-0.06
187,1.22,0.08,0.19,-0.55,0.82,0.34,0.11,-0.08
188,0.74,0.08,0.18,-0.28,0.59,0.18,0.03,-0.1
189,0.04,0.08,0.11,0.17,0.18,0,-0.07,-0.12
190,-0.52,0.09,-0.03,0.51,-0.33,-0.14,-0.16,-0.13
191,-0.71,0.1,-0.14,0.63,-0.75,-0.23,-0.24,-0.14
192,-0.77,0.11,-0.08,0.47,-1.01,-0.26,-0.27,-0.14
193,-0.56,0.12,-0.1,0.12,-0.95,-0.17,-0.25,-0.12
194,-0.29,0.12,-0.05,-0.19,-0.55,-0.01,-0.2,-0.08
195,-0.23,0.11,0.07,-0.34,0.03,0.18,-0.12,-0.04
196,0.15,0.1,-0.09,-0.34,0.58,0.35,-0.04,-0.01
197,0.71,0.09,-0.09,-0.19,0.88,0.46,0,0.01
198,1.35,0.08,-0.04,-0.09,0.87,0.44,0,0.01
199,1.39,0.07,0.2,-0.19,0.57,0.32,-0.04,0
200,1.01,0.07,0.2,-0.26,0.18,0.16,-0.11,-0.02
201,0.15,0.07,0.2,-0.06,-0.18,-0.03,-0.19,-0.03
202,-0.31,0.08,-0.09,0.35,-0.48,-0.19,-0.26,-0.04
203,-0.18,0.09,-0.24,0.65,-0.67,-0.27,-0.3,-0.03
204,-0.29,0.1,0.03,0.53,-0.74,-0.29,-0.31,0
205,-0.37,0.1,0.01,0.04,-0.67,-0.25,-0.27,0.03
206,-0.6,0.1,0.05,-0.28,-0.39,-0.13,-0.18,0.07
207,-0.44,0.1,-0.12,-0.2,0.06,0.02,-0.07,0.11
208,0.31,0.08,-0.24,-0.02,0.51,0.16,0.03,0.14
209,0.83,0.07,0.02,-0.05,0.77,0.24,0.1,0.15
210,1.13,0.06,0.1,-0.31,0.79,0.22,0.13,0.15
211,1.11,0.06,0.13,-0.44,0.57,0.09,0.12,0.14
212,0.96,0.06,0.07,-0.21,0.28,-0.08,0.1,0.12
213,0.67,0.07,0.06,0.12,0,-0.23,0.05,0.09
214,0.24,0.08,0.06,0.31,-0.3,-0.33,0.02,0.08
215,-0.44,0.1,0.1,0.33,-0.53,-0.36,-0.01,0.07
216,0.76,0.11,-0.62,0.36,-0.7,-0.34,-0.01,0.07
217,0.83,0.12,0.21,0.28,-0.7,-0.27,0.03,0.09
218,0.91,0.12,0.1,-0.24,-0.44,-0.13,0.1,0.11
219,-0.31,0.11,0.44,-0.63,-0.06,0.08,0.18,0.14
220,0.38,0.1,-0.53,-0.18,0.35,0.28,0.26,0.17
221,0.84,0.1,-0.1,0.46,0.57,0.39,0.31,0.17
222,1.28,0.09,0.03,0.31,0.48,0.38,0.3,0.16
223,1.3,0.08,0.15,-0.31,0.28,0.26,0.25,0.13
224,1.09,0.08,0.12,-0.46,0.04,0.11,0.18,0.1
225,0.37,0.08,0.2,-0.14,-0.06,-0.04,0.1,0.06
226,-0.44,0.09,0.08,0.19,-0.05,-0.16,0.02,0.03
227,-1.37,0.1,0.05,0.45,-0.09,-0.27,-0.04,0
228,-0.84,0.12,-0.49,0.6,-0.19,-0.33,-0.09,0
229,-0.84,0.12,0.05,0.45,-0.35,-0.32,-0.09,0
230,-0.71,0.12,0,-0.1,-0.3,-0.27,-0.05,0.02
231,-0.48,0.11,-0.05,-0.54,-0.04,-0.17,0.02,0.04
232,0.36,0.1,-0.22,-0.4,0.38,-0.04,0.07,0.06
233,0.78,0.09,0.09,-0.22,0.8,0.08,0.09,0.07
234,1,0.09,0.11,-0.32,0.87,0.11,0.08,0.05
235,0.87,0.09,0.14,-0.32,0.65,0.08,0.03,0.02
236,0.5,0.09,0.11,-0.05,0.21,0.02,-0.04,-0.02
237,-0.04,0.1,0.08,0.24,-0.3,-0.02,-0.1,-0.07
238,-0.92,0.12,0.13,0.39,-0.67,0.02,-0.16,-0.1
239,0.5,0.13,-0.75,0.51,-0.89,0.1,-0.2,-0.12
240,0.59,0.15,0.24,0.42,-0.9,0.19,-0.22,-0.12
241,-0.65,0.16,0.58,-0.28,-0.65,0.25,-0.22,-0.11
242,-0.44,0.16,-0.37,-0.66,-0.26,0.34,-0.18,-0.08
243,-0.1,0.16,-0.18,0.08,0.19,0.45,-0.12,-0.04
244,0.44,0.16,-0.08,0.48,0.56,0.54,-0.05,-0.01
245,1.26,0.15,-0.11,-0.07,0.57,0.56,-0.02,0
246,1.54,0.14,0.16,-0.44,0.46,0.43,-0.04,0
247,1.47,0.14,0.17,-0.47,0.31,0.19,-0.09,-0.02
248,0.85,0.14,0.22,-0.3,0.07,-0.06,-0.14,-0.05
249,0.24,0.15,0.05,0.14,0.03,-0.24,-0.17,-0.08
250,-0.34,0.15,-0.01,0.52,-0.14,-0.36,-0.2,-0.1
251,-0.48,0.17,-0.15,0.61,-0.46,-0.42,-0.21,-0.12
252,-0.71,0.18,-0.01,0.42,-0.62,-0.44,-0.21,-0.11
253,-0.56,0.18,-0.12,0.08,-0.66,-0.46,-0.18,-0.1
254,-0.84,0.18,0.11,-0.18,-0.38,-0.35,-0.11,-0.07
255,-0.37,0.17,-0.22,-0.25,0.17,-0.16,-0.02,-0.04
256,0.11,0.15,-0.07,-0.17,0.64,0,0.08,0
257,0.62,0.14,-0.01,-0.18,0.89,0.07,0.18,0.02
258,0.98,0.13,0.05,-0.32,0.86,0.04,0.22,0.02
259,1,0.12,0.13,-0.33,0.59,-0.07,0.23,0.01
260,0.72,0.12,0.13,-0.16,0.25,-0.18,0.22,-0.01
261,0.11,0.12,0.14,0.07,-0.11,-0.19,0.2,-0.03
262,-0.6,0.13,0.06,0.31,-0.42,-0.19,0.2,-0.05
263,-1.37,0.15,0.03,0.47,-0.67,-0.21,0.2,-0.05
264,-1.16,0.16,-0.33,0.51,-0.82,-0.16,0.19,-0.05
265,-0.71,0.16,-0.17,0.38,-0.75,-0.03,0.19,-0.04
266,-0.71,0.16,0.13,-0.06,-0.45,0.15,0.22,-0.02
267,-0.56,0.15,-0.01,-0.52,0.02,0.35,0.26,0.01
268,0.41,0.13,-0.29,-0.45,0.52,0.51,0.31,0.04
269,1.04,0.12,0.04,-0.16,0.87,0.52,0.3,0.06
270,1.47,0.11,0.1,-0.26,0.92,0.44,0.26,0.07
271,1.47,0.1,0.17,-0.41,0.66,0.31,0.2,0.05
272,1.34,0.1,0.08,-0.17,0.25,0.13,0.11,0.02
273,0.82,0.11,0.15,0.17,-0.25,-0.05,0,-0.01
274,0.36,0.12,0.02,0.37,-0.65,-0.18,-0.09,-0.05
275,-0.48,0.13,0.12,0.46,-0.88,-0.24,-0.17,-0.07
276,-0.48,0.14,-0.25,0.45,-0.97,-0.24,-0.23,-0.08
277,-0.71,0.14,0,0.36,-0.84,-0.15,-0.25,-0.09
278,-0.6,0.14,-0.1,0.1,-0.48,-0.01,-0.23,-0.08
279,-0.41,0.13,-0.06,-0.19,-0.01,0.13,-0.17,-0.06
280,0.28,0.11,-0.18,-0.26,0.5,0.25,-0.11,-0.04
281,0.89,0.1,-0.02,-0.28,0.9,0.29,-0.07,-0.02
282,1.36,0.09,0.06,-0.38,1.03,0.2,-0.05,-0.02
283,1.31,0.09,0.19,-0.41,0.92,0.01,-0.05,-0.04
284,1,0.09,0.14,-0.24,0.6,-0.21,-0.07,-0.06
285,0.27,0.1,0.17,0.09,0.14,-0.43,-0.07,-0.08
286,-0.23,0.11,-0.04,0.4,-0.32,-0.57,-0.07,-0.09
287,-0.77,0.13,-0.01,0.56,-0.71,-0.61,-0.08,-0.1
288,-0.71,0.15,-0.2,0.49,-0.93,-0.58,-0.07,-0.09
289,-0.6,0.16,-0.07,0.24,-0.87,-0.44,-0.03,-0.07
290,-0.77,0.16,0.09,-0.1,-0.54,-0.22,0.04,-0.05
291,-0.48,0.16,-0.13,-0.33,-0.02,0.05,0.14,-0.02
292,0.27,0.15,-0.2,-0.24,0.49,0.3,0.23,0.01
293,1,0.14,-0.04,-0.15,0.85,0.46,0.29,0.03
294,1.27,0.14,0.16,-0.34,0.9,0.5,0.29,0.02
295,1.41,0.14,0.09,-0.45,0.69,0.41,0.25,0
296,1.13,0.14,0.16,-0.21,0.35,0.26,0.18,-0.02
297,0.77,0.15,0.07,0.13,-0.07,0.08,0.11,-0.03
298,0.11,0.16,0.11,0.35,-0.45,-0.06,0.03,-0.03
299,-0.92,0.17,0.15,0.43,-0.74,-0.15,-0.04,-0.04
300,-1.02,0.18,-0.28,0.46,-0.91,-0.17,-0.1,-0.03
301,-0.71,0.18,-0.23,0.48,-0.86,-0.12,-0.14,-0.03
302,-0.44,0.18,-0.02,0.19,-0.55,0,-0.14,-0.01
303,-0.04,0.17,-0.04,-0.35,-0.07,0.16,-0.11,0.02
304,0.32,0.16,0,-0.56,0.47,0.3,-0.06,0.06
305,0.97,0.14,-0.1,-0.41,0.92,0.37,-0.03,0.08
306,1.4,0.13,0.05,-0.26,1.05,0.32,-0.04,0.09
307,1.49,0.12,0.14,-0.2,0.88,0.17,-0.08,0.08
308,1.07,0.12,0.21,-0.15,0.47,-0.01,-0.14,0.07
309,0.37,0.12,0.14,0.05,-0.09,-0.21,-0.21,0.06
310,-0.6,0.13,0.12,0.36,-0.55,-0.35,-0.26,0.07
311,-0.92,0.14,-0.2,0.59,-0.86,-0.42,-0.29,0.08
312,-0.71,0.15,-0.24,0.62,-0.96,-0.42,-0.29,0.09
313,-0.71,0.16,0.02,0.3,-0.79,-0.3,-0.27,0.11
314,-0.6,0.16,-0.02,-0.23,-0.42,-0.12,-0.19,0.13
315,-0.6,0.16,0.03,-0.46,0.1,0.08,-0.08,0.16
316,0.39,0.15,-0.33,-0.29,0.64,0.24,0.03,0.18
317,0.8,0.14,0.11,-0.15,0.97,0.35,0.11,0.19
318,1.2,0.14,0.06,-0.29,1,0.35,0.15,0.18
319,1.34,0.14,0.09,-0.38,0.74,0.25,0.15,0.15
320,1.15,0.15,0.14,-0.16,0.28,0.07,0.12,0.12
321,0.71,0.16,0.12,0.1,-0.16,-0.14,0.07,0.08
322,-0.31,0.17,0.22,0.27,-0.55,-0.27,0.01,0.06
323,-0.65,0.19,-0.18,0.44,-0.79,-0.31,-0.03,0.05
324,-0.56,0.21,-0.21,0.58,-0.89,-0.25,-0.05,0.05
325,-0.34,0.22,-0.08,0.4,-0.82,-0.15,-0.04,0.06
326,-0.34,0.22,0.06,-0.1,-0.5,0,0,0.08
327,-0.23,0.21,-0.02,-0.43,-0.04,0.18,0.07,0.11
328,0.58,0.21,-0.25,-0.32,0.49,0.35,0.14,0.12
329,1.09,0.2,0.04,-0.15,0.86,0.46,0.19,0.12
330,1.48,0.2,0.07,-0.25,0.94,0.42,0.19,0.1
331,1.55,0.19,0.12,-0.36,0.74,0.26,0.14,0.07
332,1.19,0.2,0.18,-0.18,0.34,0.02,0.07,0.04
333,0.62,0.2,0.11,0.1,-0.09,-0.19,-0.01,0.02
334,-0.84,0.21,0.32,0.33,-0.47,-0.34,-0.08,0.01
335,-5.86,0.23,1.3,0.39,-0.71,-0.41,-0.14,-0.01
336,-5.86,0.24,-1.39,0.82,-0.86,-0.4,-0.17,-0.01
337,-5.86,0.25,-0.46,1.78,-0.88,-0.32,-0.15,-0.01
338,-1.37,0.25,-1.53,1.39,-0.57,-0.17,-0.09,0.01
339,-0.52,0.25,0.83,-0.86,-0.01,0.01,0,0.04
340,-0.08,0.24,0.47,-2.74,0.98,0.15,0.1,0.06
341,1.02,0.24,-0.19,-2.48,2.1,0.19,0.17,0.06
342,1.3,0.24,0.22,-0.59,2.56,0.14,0.2,0.04
343,1.35,0.24,0.15,0.53,2.29,0.04,0.17,0
344,0.78,0.25,0.23,0.49,0.84,-0.07,0.11,-0.03
345,0.27,0.25,0.04,0.59,-1.11,-0.18,0.03,-0.06
346,-0.14,0.26,-0.04,0.7,-2.55,-0.2,-0.04,-0.09
347,-0.77,0.27,0.07,0.61,-3.24,-0.1,-0.09,-0.1
348,-1.37,0.28,0.01,0.39,-2.66,0.2,-0.13,-0.1
349,-1.37,0.29,-0.21,0.21,-1.56,0.66,-0.15,-0.08
350,-1.37,0.28,-0.05,0.14,-0.43,1.05,-0.13,-0.06
351,-0.34,0.27,-0.35,-0.05,0.57,1.29,-0.07,-0.03
352,0.42,0.25,0,-0.31,1.09,1.29,0.02,-0.01
353,0.99,0.23,0.09,-0.58,1.45,1.2,0.09,0
354,1.26,0.22,0.12,-0.69,1.53,0.92,0.1,-0.01
355,1.25,0.21,0.12,-0.4,1.3,0.46,0.07,-0.04
356,0.93,0.21,0.13,0.02,0.84,-0.21,0,-0.07
357,0.47,0.21,0.08,0.29,0.14,-0.99,-0.09,-0.1
358,0.02,0.22,0.01,0.45,-0.54,-1.55,-0.15,-0.12
359,-0.41,0.23,-0.01,0.47,-1.02,-1.81,-0.18,-0.13
360,-0.44,0.23,-0.14,0.36,-1.2,-1.68,-0.15,-0.13
361,-0.92,0.24,0.12,0.18,-0.97,-1.42,-0.1,-0.11
362,-0.37,0.23,-0.31,-0.01,-0.49,-1.05,0,-0.08
363,-0.1,0.22,0,-0.09,0.07,-0.6,0.14,-0.05
364,0.38,0.21,-0.05,-0.22,0.58,-0.13,0.34,-0.03
365,0.88,0.2,-0.03,-0.39,0.86,0.3,0.55,-0.03
366,1.23,0.19,0.05,-0.35,0.9,0.51,0.68,-0.04
367,1.46,0.18,0.05,-0.23,0.76,0.53,0.71,-0.06
368,1.09,0.18,0.22,-0.13,0.42,0.34,0.62,-0.08
369,0.54,0.19,0.12,0.04,0.03,0.1,0.5,-0.1
370,-1.02,0.2,0.36,0.25,-0.36,-0.11,0.4,-0.12
371,-0.65,0.22,-0.57,0.54,-0.71,-0.25,0.32,-0.12
372,-0.65,0.23,-0.05,0.74,-0.85,-0.28,0.28,-0.11
373,-0.77,0.24,0.07,0.32,-0.76,-0.18,0.29,-0.09
374,-0.6,0.24,-0.09,-0.36,-0.45,0,0.31,-0.06
375,-0.44,0.23,-0.02,-0.42,0.06,0.2,0.33,-0.02
376,0.39,0.22,-0.23,-0.2,0.61,0.35,0.33,0.01
377,1.13,0.21,-0.03,-0.19,0.91,0.46,0.32,0.03
378,1.6,0.2,0.1,-0.32,0.96,0.47,0.24,0.03
379,1.59,0.19,0.19,-0.42,0.73,0.38,0.1,0.01
380,1.09,0.18,0.21,-0.26,0.24,0.21,-0.13,-0.02
381,0.5,0.18,0.08,0.13,-0.16,0.01,-0.44,-0.05
382,-0.16,0.19,0.03,0.49,-0.57,-0.15,-0.69,-0.07
383,-0.37,0.19,-0.15,0.63,-0.87,-0.22,-0.85,-0.07
384,-1.16,0.2,0.16,0.47,-0.95,-0.15,-0.86,-0.06
385,-1.16,0.21,-0.22,0.18,-0.87,-0.07,-0.81,-0.02
386,-0.41,0.21,-0.33,0.06,-0.5,0.07,-0.73,0.02
387,-0.34,0.2,0.16,-0.08,0.05,0.23,-0.63,0.06
388,0.45,0.19,-0.18,-0.45,0.62,0.38,-0.54,0.1
389,0.93,0.17,0.04,-0.55,0.99,0.43,-0.48,0.12
390,1.24,0.16,0.09,-0.36,1.11,0.36,-0.45,0.13
391,1.2,0.16,0.14,-0.27,0.89,0.18,-0.44,0.13
392,1.16,0.17,0.03,-0.07,0.43,-0.07,-0.45,0.12
393,0.8,0.18,0.11,0.2,-0.05,-0.26,-0.48,0.1
394,0.41,0.19,0.04,0.3,-0.58,-0.38,-0.5,0.1
395,0.91,0.21,-0.3,0.35,-0.91,-0.44,-0.49,0.12
396,-0.92,0.24,0.71,0.25,-0.96,-0.42,-0.41,0.17
397,-0.65,0.27,-0.5,0.03,-0.82,-0.31,-0.25,0.24
398,-0.56,0.28,-0.13,0.25,-0.48,-0.08,-0.09,0.3
399,-0.21,0.28,-0.07,0.36,-0.04,0.18,0.06,0.35
400,0.14,0.27,-0.02,-0.19,0.31,0.39,0.17,0.37
401,1.01,0.25,-0.18,-0.49,0.56,0.49,0.23,0.37
402,1.29,0.24,0.15,-0.4,0.81,0.44,0.25,0.35
403,1.47,0.23,0.09,-0.4,0.78,0.3,0.23,0.31
404,1,0.22,0.23,-0.27,0.64,0.11,0.18,0.27
405,0.51,0.22,0.07,0.07,0.38,-0.09,0.12,0.23
406,-0.34,0.22,0.12,0.37,-0.17,-0.32,0.07,0.2
407,-0.84,0.23,-0.09,0.54,-0.6,-0.46,0.02,0.18
408,-0.84,0.23,-0.2,0.54,-0.87,-0.49,0.01,0.17
409,-0.84,0.24,-0.05,0.33,-0.91,-0.44,0.04,0.18
410,-0.56,0.23,-0.1,-0.06,-0.57,-0.24,0.09,0.2
411,-0.41,0.22,0.02,-0.35,-0.06,-0.02,0.17,0.22
412,0.39,0.21,-0.21,-0.36,0.48,0.17,0.25,0.25
413,0.92,0.19,0.03,-0.29,0.86,0.29,0.3,0.27
414,1.36,0.18,0.06,-0.32,0.96,0.36,0.31,0.26
415,1.38,0.17,0.15,-0.34,0.76,0.3,0.27,0.22
416,0.99,0.16,0.18,-0.17,0.35,0.2,0.19,0.17
417,0.35,0.17,0.12,0.12,-0.11,0.08,0.11,0.12
418,-0.71,0.18,0.17,0.38,-0.55,-0.08,0.04,0.07
419,-0.92,0.19,-0.25,0.58,-0.85,-0.16,-0.03,0.04
420,-1.02,0.19,-0.12,0.61,-0.96,-0.15,-0.06,0.02
421,-1.16,0.2,0,0.3,-0.83,-0.07,-0.05,0.02
422,-0.92,0.2,-0.13,-0.16,-0.45,0.04,-0.02,0.03
423,-0.65,0.19,-0.05,-0.33,0.08,0.19,0.05,0.03
424,-0.04,0.17,-0.12,-0.3,0.65,0.3,0.1,0.02
425,0.59,0.16,-0.04,-0.32,1,0.35,0.14,0
426,1.03,0.15,0.06,-0.34,1.06,0.31,0.15,-0.04
427,1.19,0.14,0.11,-0.33,0.83,0.17,0.12,-0.11
428,1.04,0.15,0.13,-0.2,0.36,-0.03,0.06,-0.21
429,0.56,0.15,0.14,0.05,-0.1,-0.22,-0.02,-0.32
430,-0.08,0.16,0.08,0.29,-0.53,-0.35,-0.1,-0.41
431,-1.16,0.17,0.16,0.43,-0.85,-0.39,-0.16,-0.45
432,-1.37,0.18,-0.26,0.51,-0.96,-0.34,-0.16,-0.45
433,-0.77,0.18,-0.36,0.53,-0.92,-0.23,-0.15,-0.43
434,-0.77,0.17,0.13,0.22,-0.62,-0.03,-0.08,-0.4
435,-0.65,0.15,0.01,-0.4,-0.12,0.19,0.01,-0.36
436,0.11,0.13,-0.23,-0.58,0.42,0.38,0.1,-0.32
437,0.95,0.11,-0.09,-0.27,0.9,0.47,0.16,-0.3
438,1.28,0.09,0.17,-0.26,1.09,0.44,0.2,-0.3
439,1.29,0.08,0.16,-0.42,0.93,0.29,0.19,-0.32
440,0.87,0.08,0.18,-0.24,0.54,0.05,0.16,-0.35
441,0.37,0.08,0.07,0.16,-0.02,-0.17,0.11,-0.37
442,-0.21,0.08,0.03,0.46,-0.54,-0.35,0.04,-0.39
443,-1.37,0.09,0.21,0.52,-0.87,-0.45,-0.01,-0.4
444,-5.86,0.1,1.19,0.32,-1,-0.46,-0.03,-0.4
445,-5.86,0.11,-1.23,0.53,-0.91,-0.35,-0.02,-0.38
446,-0.71,0.11,-2.17,1.55,-0.64,-0.16,0.03,-0.35
447,-0.37,0.1,1.17,0.92,-0.1,0.03,0.12,-0.3
448,0.12,0.08,0.39,-2.13,0.61,0.21,0.21,-0.26
449,0.79,0.05,-0.08,-2.96,1.34,0.3,0.27,-0.23
450,1.22,0.04,0.07,-0.73,2.08,0.25,0.28,-0.23
451,1.28,0.02,0.15,0.49,2.02,0.12,0.25,-0.23
452,0.89,0.01,0.19,0.43,1.07,-0.01,0.18,-0.25
453,0.18,0.01,0.15,0.49,-0.18,-0.17,0.1,-0.26
454,-0.16,0.01,-0.1,0.55,-1.79,-0.31,0.02,-0.28
455,-0.41,0.01,-0.06,0.58,-2.6,-0.3,-0.05,-0.27
456,-0.31,0.01,-0.13,0.45,-2.26,-0.17,-0.1,-0.25
457,-0.77,0,0.16,0.08,-1.57,0.1,-0.12,-0.22
458,-0.65,-0.02,-0.15,-0.17,-0.45,0.54,-0.1,-0.17
459,-0.34,-0.05,-0.12,-0.13,0.47,0.85,-0.04,-0.11
460,-0.04,-0.09,-0.01,-0.07,0.88,0.88,0.05,-0.04
461,0.76,-0.14,-0.17,-0.2,1.13,0.87,0.12,0.02
462,1.28,-0.18,0.05,-0.3,1.12,0.76,0.14,0.06
463,1.52,-0.2,0.12,-0.34,0.92,0.47,0.11,0.06
464,1.24,-0.2,0.2,-0.33,0.58,0.04,0.04,0.03
465,0.6,-0.19,0.17,-0.07,0.19,-0.46,-0.05,0.01
466,-0.26,-0.18,0.11,0.29,-0.2,-1.06,-0.13,-0.01
467,-1.37,-0.16,0.11,0.55,-0.59,-1.36,-0.19,-0.01
468,-0.44,-0.15,-0.67,0.69,-0.81,-1.24,-0.18,0
469,-0.21,-0.14,0.05,0.55,-0.85,-1.05,-0.15,0.02
470,-0.1,-0.14,0.11,-0.14,-0.62,-0.82,-0.08,0.05
471,-0.23,-0.15,0.09,-0.74,-0.11,-0.49,0.03,0.09
472,0.66,-0.16,-0.33,-0.47,0.49,-0.16,0.15,0.11
473,0.87,-0.17,0.14,-0.04,0.95,0.15,0.29,0.13
474,1.34,-0.18,-0.03,-0.12,1,0.42,0.41,0.12
475,1.04,-0.18,0.24,-0.25,0.74,0.46,0.43,0.11
476,0.98,-0.18,-0.01,-0.1,0.25,0.28,0.34,0.09
477,0.23,-0.16,0.21,0.14,-0.27,0.1,0.22,0.06
478,-0.18,-0.14,-0.05,0.32,-0.57,-0.02,0.11,0.04
479,0.62,-0.12,-0.44,0.46,-0.72,-0.11,0.04,0.04
480,0.66,-0.1,0.15,0.37,-0.72,-0.11,-0.01,0.06
481,0.7,-0.09,0.07,-0.16,-0.51,-0.03,-0.01,0.08
482,-1.23,-0.08,0.67,-0.54,-0.21,0.06,0.05,0.12
483,-0.36,-0.08,-0.78,-0.13,0.15,0.2,0.11,0.16
484,0.22,-0.08,-0.16,0.59,0.43,0.36,0.13,0.2
485,0.84,-0.09,0.01,0.42,0.5,0.46,0.12,0.22
486,0.98,-0.09,0.16,-0.48,0.42,0.43,0.08,0.23
487,1.13,-0.09,0.04,-0.72,0.26,0.31,0,0.22
488,0.71,-0.09,0.19,-0.29,0.25,0.09,-0.15,0.2
489,0.48,-0.08,-0.01,0.07,0.21,-0.11,-0.34,0.18
490,-0.17,-0.07,0.13,0.32,0.1,-0.23,-0.56,0.15
